Neighbourhood,Neighbourhood Id,Combined Indicators,Total Area,Total Population,Pop - Males,Pop - Females,Visible Minority Category,Labour Force Category,   In Labour Force,   Unemployed,   Not in Labour Force,Less than grade 9,With College Certificate/Diploma,With Bachelor Degree or Higher,High Shelter Costs,Owned Dwellings,Rented Dwellings,   Not a Visible Minority,Recent Immigrants,Tenant Average Rent,Average Family Income,After-Tax Household Income,Part-Time Employment,Low Income Families,Social Assistance Recipients,Low Income Population,Early Development Instrument (EDI),Healthy Food Index,Social Housing Units,Drug Arrests,Assaults,Sexual Assaults,Break & Enters,Robberies,Vehicle Thefts,Thefts,Murders,Arsons,Fires & Fire Alarms,Fire Vehicle Incidents,Hazardous Incidents,Rent Bank Applicants,Home Repairs Needed
West Humber-Clairville,1,N/A,30.09,"33,312.00","16,625.00","16,690.00","32,890.00","27,850.00","17,845.00","1,705.00","9,995.00","6,170.00","13,425.00","6,170.00","3,270.00","7,075.00","3,050.00","5,940.00","2,440.00",$945.00,"$72,820.00","$59,703.00","13,305.00","3,790.00","2,391.00","7,590.00",15.33923304,23.82,950.00,29.00,259.00,31.00,131.00,82.00,316.00,38.00,3.00,2.00,729.00,550.00,213.00,21.00,500.0
Mount Olive-Silverstone-Jamestown,2,N/A,4.60,"32,954.00","16,070.00","16,890.00","32,830.00","25,735.00","14,765.00","1,785.00","10,975.00","6,855.00","10,065.00","4,450.00","3,715.00","4,540.00","5,070.00","4,375.00","4,720.00",$921.00,"$57,411.00","$46,986.00",945.00,"5,010.00","5,525.00","11,540.00",19.53488372,37.57,"1,288.00",24.00,213.00,16.00,34.00,81.00,42.00,3.00,1.00,1.00,357.00,83.00,173.00,44.00,995.0
Thistletown-Beaumond Heights,3,N/A,3.40,"10,360.00","5,055.00","5,300.00","10,125.00","8,395.00","5,060.00",525.00,"3,335.00","1,970.00","3,980.00","1,690.00","1,065.00","2,080.00","1,145.00","3,615.00",720.00,$887.00,"$70,838.00","$57,522.00",527.00,"1,080.00","1,025.00","2,350.00",16.03773585,42.26,372.00,7.00,35.00,3.00,23.00,12.00,13.00,1.00,0.00,0.00,83.00,24.00,52.00,7.00,205.0
Rexdale-Kipling,4,N/A,2.50,"10,529.00","5,130.00","5,395.00","10,360.00","8,725.00","5,480.00",600.00,"3,240.00","2,095.00","4,085.00","1,620.00","1,185.00","2,010.00","1,935.00","4,990.00",625.00,$857.00,"$69,367.00","$51,194.00",515.00,"1,110.00","1,085.00","2,170.00",7.894736842,23.31,308.00,11.00,57.00,5.00,16.00,15.00,22.00,0.00,0.00,1.00,84.00,16.00,46.00,18.00,265.0
Elms-Old Rexdale,5,N/A,2.90,"9,456.00","4,520.00","4,935.00","9,445.00","7,640.00","4,635.00",465.00,"3,005.00","2,025.00","3,155.00","1,130.00","1,080.00","1,910.00","1,315.00","3,085.00",530.00,$966.00,"$61,196.00","$49,425.00",392.00,"1,190.00","1,367.00","2,790.00",9.782608696,24.71,358.00,9.00,53.00,2.00,9.00,14.00,16.00,0.00,0.00,0.00,89.00,38.00,64.00,12.00,350.0
Kingsview Village-The Westway,6,N/A,5.10,"22,000.00","10,575.00","11,420.00","21,980.00","17,745.00","10,265.00","1,020.00","7,475.00","4,395.00","8,075.00","3,720.00","2,730.00","3,975.00","3,675.00","8,835.00","1,830.00","$1,052.00","$68,145.00","$50,714.00",748.00,"2,800.00","3,742.00","6,760.00",15.63786008,35.69,553.00,12.00,110.00,6.00,34.00,22.00,42.00,5.00,2.00,2.00,257.00,130.00,118.00,19.00,665.0
Willowridge-Martingrove-Richview,7,N/A,5.50,"22,156.00","10,635.00","11,515.00","22,150.00","18,580.00","10,870.00",920.00,"7,715.00","3,760.00","9,935.00","5,265.00","2,645.00","4,605.00","3,540.00","13,270.00","1,210.00","$1,124.00","$79,241.00","$57,048.00",609.00,"1,610.00","1,757.00","3,490.00",14.68926554,30.46,762.00,6.00,88.00,6.00,32.00,38.00,48.00,4.00,0.00,0.00,272.00,75.00,123.00,18.00,565.0
Humber Heights-Westmount,8,N/A,2.80,"10,948.00","4,895.00","6,060.00","10,115.00","8,655.00","5,115.00",380.00,"3,540.00","1,620.00","4,805.00","2,340.00","1,325.00","2,585.00","1,350.00","7,365.00",345.00,"$1,041.00","$81,267.00","$54,919.00",315.00,820.00,587.00,"1,780.00",9.722222222,32.82,688.00,3.00,25.00,0.00,24.00,8.00,17.00,4.00,1.00,2.00,114.00,17.00,46.00,4.00,250.0
Edenbridge-Humber Valley,9,N/A,5.50,"15,535.00","7,305.00","8,235.00","15,190.00","13,075.00","8,420.00",510.00,"4,650.00","1,725.00","8,175.00","5,190.00","1,900.00","3,230.00","2,790.00","11,980.00",515.00,"$1,127.00","$119,581.00","$62,463.00",541.00,900.00,533.00,"1,660.00",7.01754386,46.41,0.00,3.00,26.00,6.00,46.00,3.00,29.00,1.00,0.00,0.00,96.00,29.00,56.00,7.00,390.0
Princess-Rosethorn,10,N/A,5.20,"11,051.00","5,430.00","5,620.00","11,045.00","9,280.00","5,875.00",355.00,"3,395.00","1,085.00","6,315.00","4,480.00",750.00,"3,290.00",595.00,"8,945.00",270.00,"$1,194.00","$144,943.00","$93,391.00",425.00,460.00,158.00,950.00,4.651162791,39.52,0.00,4.00,25.00,6.00,33.00,20.00,24.00,3.00,1.00,0.00,88.00,39.00,60.00,1.00,220.0
Eringate-Centennial-West Deane,11,N/A,8.60,"18,588.00","8,915.00","9,670.00","18,525.00","15,895.00","10,105.00",750.00,"5,795.00","2,645.00","9,240.00","4,915.00","1,555.00","5,840.00","1,060.00","13,395.00",350.00,"$1,108.00","$88,741.00","$69,740.00",713.00,"1,060.00",669.00,"2,130.00",10.95890411,10.43,0.00,7.00,52.00,5.00,28.00,15.00,29.00,5.00,0.00,1.00,121.00,168.00,65.00,6.00,440.0
Markland Wood,12,N/A,2.90,"10,554.00","4,920.00","5,635.00","10,455.00","9,110.00","5,445.00",335.00,"3,665.00","1,015.00","5,790.00","3,525.00","1,060.00","3,280.00","1,090.00","9,060.00",295.00,"$1,112.00","$100,337.00","$64,297.00",594.00,510.00,184.00,990.00,8.108108108,7.99,0.00,2.00,23.00,1.00,18.00,8.00,13.00,2.00,0.00,0.00,95.00,25.00,32.00,4.00,215.0
Etobicoke West Mall,13,N/A,1.70,"11,848.00","5,630.00","6,220.00","11,465.00","9,770.00","6,420.00",505.00,"3,355.00","1,685.00","5,325.00","2,705.00","1,695.00","2,250.00","1,790.00","6,950.00",815.00,"$1,078.00","$67,704.00","$50,570.00",661.00,980.00,977.00,"2,020.00",19.04761905,15.41,200.00,0.00,40.00,3.00,13.00,3.00,15.00,0.00,1.00,1.00,101.00,47.00,36.00,11.00,310.0
Islington-City Centre West,14,N/A,16.40,"43,965.00","20,950.00","23,020.00","43,225.00","37,415.00","25,665.00","1,870.00","11,725.00","4,080.00","24,535.00","15,135.00","6,380.00","9,955.00","6,290.00","27,195.00","2,850.00","$1,072.00","$87,747.00","$57,658.00","13,461.00","6,140.00","2,058.00","11,590.00",14.24242424,31.01,"1,240.00",30.00,186.00,27.00,104.00,33.00,134.00,37.00,0.00,4.00,661.00,393.00,235.00,12.00,1375.0
Kingsway South,15,N/A,2.60,"9,271.00","4,340.00","4,930.00","9,165.00","7,580.00","4,790.00",360.00,"2,805.00",665.00,"5,735.00","4,440.00",685.00,"2,965.00",535.00,"8,060.00",95.00,"$1,640.00","$191,204.00","$106,386.00","1,008.00",260.00,39.00,470.00,4.819277108,43.15,0.00,10.00,24.00,2.00,27.00,8.00,9.00,1.00,0.00,1.00,118.00,26.00,47.00,0.00,160.0
Stonegate-Queensway,16,N/A,7.90,"25,051.00","12,255.00","12,795.00","24,900.00","20,845.00","14,060.00",935.00,"6,790.00","2,750.00","13,555.00","8,490.00","2,830.00","6,860.00","3,565.00","20,310.00","1,005.00",$996.00,"$100,867.00","$67,549.00","1,908.00","1,740.00","1,170.00","3,080.00",7.547169811,31.23,129.00,11.00,66.00,3.00,50.00,12.00,12.00,5.00,0.00,1.00,209.00,103.00,110.00,11.00,685.0
Mimico,17,N/A,6.90,"33,964.00","16,525.00","17,430.00","33,310.00","29,835.00","21,160.00","1,305.00","8,685.00","3,345.00","19,855.00","11,520.00","7,080.00","7,490.00","6,185.00","22,915.00","1,895.00","$1,009.00","$87,901.00","$55,300.00","1,786.00","2,720.00","1,814.00","4,390.00",13.84615385,21.59,879.00,24.00,206.00,17.00,47.00,8.00,33.00,14.00,1.00,1.00,374.00,168.00,129.00,26.00,1015.0
New Toronto,18,N/A,3.50,"11,463.00","5,560.00","5,750.00","11,290.00","9,680.00","6,460.00",565.00,"3,220.00","1,740.00","5,565.00","2,790.00","2,105.00","2,160.00","3,005.00","7,675.00",500.00,$777.00,"$70,398.00","$40,859.00","1,836.00","1,430.00","1,074.00","2,410.00",10.41666667,24.84,"1,010.00",16.00,82.00,13.00,41.00,15.00,11.00,6.00,1.00,0.00,160.00,33.00,51.00,24.00,460.0
Long Branch,19,N/A,2.30,"10,084.00","5,010.00","5,070.00","10,070.00","8,725.00","6,160.00",440.00,"2,565.00","1,455.00","5,060.00","2,585.00","1,700.00","2,270.00","2,245.00","7,760.00",375.00,$922.00,"$77,549.00","$47,680.00",357.00,940.00,654.00,"1,520.00",9.210526316,28.08,106.00,4.00,48.00,2.00,28.00,6.00,14.00,0.00,0.00,0.00,80.00,18.00,38.00,11.00,455.0
Alderwood,20,N/A,5.00,"12,054.00","5,885.00","6,165.00","12,025.00","18,580.00","6,825.00",415.00,"3,440.00","2,290.00","5,300.00","2,290.00","1,005.00","3,635.00","1,030.00","9,535.00",200.00,$984.00,"$83,584.00","$61,402.00",951.00,640.00,422.00,"1,090.00",12.61261261,11.41,77.00,4.00,31.00,1.00,26.00,8.00,18.00,8.00,0.00,1.00,106.00,54.00,42.00,4.00,280.0
Humber Summit,21,N/A,7.90,"12,416.00","6,035.00","6,385.00","12,405.00","10,250.00","5,755.00",555.00,"4,505.00","3,745.00","3,770.00","1,450.00","1,235.00","2,745.00","1,045.00","4,265.00",870.00,$907.00,"$65,757.00","$53,272.00","2,141.00","1,570.00","1,365.00","3,330.00",9.77443609,32.33,133.00,12.00,91.00,8.00,39.00,19.00,61.00,18.00,0.00,3.00,176.00,88.00,89.00,11.00,255.0
Humbermede,22,N/A,4.40,"15,545.00","7,475.00","8,070.00","15,535.00","12,580.00","7,640.00",780.00,"4,950.00","3,475.00","5,115.00","1,955.00","1,895.00","2,660.00","2,455.00","3,565.00","1,555.00",$966.00,"$59,697.00","$48,655.00",624.00,"1,860.00","2,081.00","4,030.00",15.07537688,20.52,223.00,19.00,94.00,9.00,23.00,22.00,44.00,1.00,1.00,0.00,140.00,90.00,103.00,12.00,405.0
Pelmo Park-Humberlea,23,N/A,4.20,"10,722.00","5,165.00","5,560.00","10,720.00","8,975.00","5,870.00",355.00,"3,100.00","1,835.00","4,130.00","1,595.00","1,165.00","2,525.00",450.00,"6,035.00",365.00,"$1,019.00","$76,800.00","$59,842.00",833.00,710.00,594.00,"1,430.00",14,21.71,359.00,32.00,50.00,3.00,24.00,10.00,24.00,4.00,1.00,0.00,112.00,161.00,61.00,4.00,170.0
Black Creek,24,N/A,3.40,"21,737.00","10,145.00","11,595.00","21,565.00","16,965.00","9,300.00","1,180.00","7,655.00","5,635.00","5,355.00","1,565.00","2,695.00","2,390.00","4,855.00","4,125.00","2,045.00",$846.00,"$52,499.00","$39,986.00",759.00,"3,680.00","4,656.00","7,940.00",19.25675676,41.84,"1,564.00",28.00,198.00,18.00,27.00,28.00,53.00,5.00,1.00,0.00,221.00,70.00,148.00,24.00,1000.0
Glenfield-Jane Heights,25,N/A,5.20,"30,491.00","14,250.00","16,245.00","30,210.00","24,425.00","13,440.00","1,550.00","10,985.00","9,295.00","7,655.00","2,110.00","3,285.00","4,950.00","5,055.00","7,065.00","1,875.00",$818.00,"$56,582.00","$44,488.00","1,714.00","4,420.00","5,046.00","9,610.00",20.80200501,41.05,"1,511.00",55.00,247.00,24.00,28.00,59.00,63.00,11.00,1.00,5.00,361.00,113.00,173.00,13.00,1065.0
Downsview-Roding-CFB,26,N/A,14.90,"35,052.00","16,835.00","18,225.00","35,010.00","29,265.00","18,045.00","1,420.00","11,210.00","9,055.00","12,305.00","4,485.00","4,385.00","6,145.00","7,125.00","14,945.00","3,145.00",$905.00,"$61,994.00","$44,087.00","4,334.00","4,060.00","3,584.00","7,750.00",15.53672316,23.72,571.00,54.00,311.00,26.00,53.00,49.00,88.00,10.00,1.00,6.00,528.00,323.00,247.00,40.00,1295.0
York University Heights,27,N/A,13.20,"27,593.00","13,650.00","13,940.00","27,570.00","23,520.00","14,815.00","1,585.00","8,705.00","5,490.00","11,420.00","5,555.00","4,080.00","4,650.00","5,660.00","8,430.00","2,850.00",$911.00,"$59,770.00","$42,916.00","11,541.00","4,490.00","3,444.00","7,950.00",24.11067194,47,511.00,59.00,288.00,27.00,96.00,57.00,106.00,33.00,2.00,3.00,773.00,175.00,142.00,33.00,820.0
Rustic,28,N/A,2.10,"9,941.00","4,450.00","5,485.00","9,755.00","7,820.00","4,100.00",375.00,"3,720.00","2,365.00","2,850.00",800.00,"1,205.00","1,495.00","2,160.00","3,945.00",510.00,$740.00,"$59,004.00","$41,187.00",163.00,"1,340.00","1,471.00","2,980.00",13.08411215,16.55,"1,292.00",10.00,46.00,5.00,15.00,6.00,8.00,3.00,0.00,0.00,104.00,63.00,51.00,5.00,320.0
Maple Leaf,29,N/A,2.50,"10,111.00","4,850.00","5,260.00","9,865.00","8,375.00","5,145.00",415.00,"3,220.00","2,550.00","3,590.00","1,580.00","1,005.00","1,990.00","1,565.00","5,565.00",950.00,$936.00,"$68,718.00","$52,174.00",142.00,880.00,552.00,"1,770.00",9,14.42,175.00,2.00,32.00,1.00,17.00,4.00,14.00,0.00,0.00,1.00,59.00,51.00,45.00,3.00,255.0
Brookhaven-Amesbury,30,N/A,3.50,"17,757.00","8,225.00","9,535.00","17,705.00","14,345.00","9,105.00",915.00,"5,240.00","3,825.00","5,925.00","1,920.00","2,615.00","2,660.00","3,730.00","6,075.00","1,475.00",$893.00,"$60,364.00","$43,512.00","1,177.00","2,320.00","2,355.00","4,780.00",13.61502347,43.1,849.00,15.00,91.00,9.00,31.00,25.00,29.00,3.00,0.00,1.00,169.00,32.00,101.00,40.00,655.0
Yorkdale-Glen Park,31,N/A,5.90,"14,804.00","6,865.00","7,945.00","14,030.00","12,060.00","7,245.00",580.00,"4,825.00","3,635.00","5,240.00","2,405.00","1,645.00","2,965.00","2,280.00","7,695.00",855.00,$916.00,"$70,539.00","$49,803.00","7,556.00","1,470.00","1,193.00","2,850.00",19.26605505,21.66,657.00,24.00,139.00,15.00,64.00,19.00,41.00,23.00,1.00,0.00,288.00,171.00,109.00,5.00,375.0
Englemount-Lawrence,32,N/A,3.60,"22,372.00","9,860.00","12,515.00","21,880.00","17,080.00","10,760.00",955.00,"6,330.00","2,365.00","10,080.00","5,880.00","3,005.00","3,445.00","4,690.00","13,030.00","2,050.00",$904.00,"$86,616.00","$45,087.00","1,331.00","2,470.00","1,712.00","5,360.00",24.64788732,43.98,"2,104.00",4.00,111.00,4.00,59.00,42.00,22.00,7.00,0.00,0.00,249.00,122.00,124.00,7.00,690.0
Clanton Park,33,N/A,4.20,"16,472.00","7,815.00","8,660.00","16,420.00","13,660.00","9,275.00",565.00,"4,380.00","1,865.00","8,670.00","5,290.00","2,235.00","2,925.00","2,610.00","10,115.00","1,345.00",$938.00,"$89,550.00","$54,498.00","1,155.00","1,410.00",483.00,"2,560.00",9.734513274,19.35,569.00,3.00,57.00,10.00,41.00,7.00,49.00,5.00,1.00,1.00,178.00,113.00,91.00,6.00,325.0
Bathurst Manor,34,N/A,4.80,"15,873.00","7,510.00","8,370.00","15,580.00","13,265.00","8,620.00",620.00,"4,640.00","2,450.00","8,200.00","4,980.00","2,175.00","3,230.00","2,790.00","10,165.00","1,490.00","$1,015.00","$76,914.00","$51,076.00",881.00,"1,440.00",758.00,"2,620.00",14.03508772,18.8,301.00,0.00,56.00,2.00,34.00,8.00,24.00,4.00,0.00,0.00,153.00,34.00,106.00,3.00,405.0
Westminster-Branson,35,N/A,3.70,"26,274.00","12,060.00","14,215.00","26,120.00","22,725.00","14,055.00","1,290.00","8,660.00","2,550.00","14,430.00","8,485.00","4,710.00","4,055.00","6,040.00","14,410.00","4,430.00","$1,095.00","$62,791.00","$42,465.00",652.00,"3,500.00","1,857.00","6,540.00",16.47727273,24.63,966.00,5.00,108.00,7.00,19.00,9.00,24.00,6.00,0.00,2.00,238.00,88.00,120.00,9.00,920.0
Newtonbrook West,36,N/A,4.70,"23,831.00","11,230.00","12,595.00","23,620.00","20,835.00","12,435.00","1,050.00","8,390.00","2,205.00","12,865.00","7,920.00","4,135.00","4,890.00","3,730.00","9,805.00","3,660.00","$1,135.00","$66,505.00","$46,815.00","2,038.00","3,480.00","1,338.00","6,690.00",15.15151515,26.14,380.00,7.00,120.00,8.00,55.00,14.00,47.00,7.00,0.00,1.00,202.00,82.00,89.00,3.00,455.0
Willowdale West,37,N/A,2.90,"16,936.00","7,990.00","8,945.00","16,670.00","14,860.00","8,610.00",845.00,"6,250.00","1,270.00","10,315.00","7,515.00","3,475.00","4,555.00","2,120.00","7,040.00","1,675.00","$1,117.00","$83,632.00","$54,226.00",687.00,"1,670.00",349.00,"3,050.00",9.302325581,17.67,664.00,6.00,73.00,6.00,35.00,14.00,12.00,2.00,0.00,1.00,179.00,51.00,67.00,1.00,390.0
Lansing-Westgate,38,N/A,5.40,"16,164.00","7,680.00","8,490.00","16,065.00","13,650.00","9,195.00",665.00,"4,450.00",895.00,"9,850.00","7,355.00","2,535.00","3,525.00","2,460.00","9,140.00","1,470.00","$1,332.00","$105,947.00","$60,980.00","1,410.00","7,560.00",296.00,"12,430.00",11.2,19.11,0.00,8.00,63.00,7.00,42.00,8.00,27.00,7.00,0.00,2.00,170.00,106.00,76.00,2.00,355.0
Bedford Park-Nortown,39,N/A,5.50,"23,236.00","10,845.00","12,390.00","23,115.00","18,560.00","11,835.00",650.00,"6,715.00","1,890.00","12,765.00","9,625.00","2,320.00","5,960.00","2,755.00","18,270.00","1,260.00","$1,124.00","$161,110.00","$76,160.00","1,809.00","1,340.00",304.00,"2,440.00",9.756097561,47.74,236.00,5.00,30.00,4.00,100.00,12.00,30.00,9.00,0.00,1.00,256.00,142.00,140.00,3.00,470.0
St.Andrew-Windfields,40,N/A,7.30,"17,812.00","8,525.00","9,290.00","17,675.00","15,045.00","9,255.00",770.00,"5,795.00","1,435.00","10,465.00","7,770.00","2,170.00","4,290.00","2,180.00","8,735.00","1,400.00","$1,270.00","$162,988.00","$80,145.00","1,694.00","1,590.00",469.00,"3,350.00",13.1147541,18.23,38.00,7.00,44.00,6.00,57.00,10.00,10.00,4.00,0.00,2.00,231.00,142.00,91.00,3.00,310.0
Bridle Path-Sunnybrook-York Mills,41,N/A,8.80,"9,266.00","4,460.00","4,810.00","9,185.00","7,750.00","4,515.00",360.00,"3,230.00",630.00,"5,635.00","4,795.00",740.00,"2,805.00",200.00,"6,415.00",330.00,"$2,388.00","$356,777.00","$161,448.00","4,065.00",460.00,28.00,810.00,17.39130435,22.26,43.00,7.00,18.00,5.00,51.00,1.00,12.00,3.00,0.00,0.00,264.00,38.00,68.00,0.00,100.0
Banbury-Don Mills,42,N/A,10.00,"27,695.00","12,825.00","14,875.00","26,995.00","23,395.00","14,015.00","1,010.00","9,370.00","2,300.00","15,950.00","10,850.00","4,045.00","7,035.00","4,735.00","14,290.00","1,500.00","$1,213.00","$115,239.00","$60,203.00","4,996.00","2,000.00",573.00,"3,790.00",8.974358974,21.31,304.00,13.00,68.00,7.00,55.00,12.00,6.00,9.00,0.00,1.00,288.00,144.00,118.00,4.00,480.0
Victoria Village,43,N/A,4.70,"17,510.00","8,110.00","9,405.00","17,185.00","14,550.00","8,620.00",870.00,"5,940.00","2,790.00","7,840.00","3,760.00","2,820.00","3,085.00","4,205.00","7,035.00","1,695.00",$867.00,"$65,104.00","$43,743.00","1,337.00","2,040.00","1,894.00","4,320.00",14.08450704,26.9,922.00,10.00,111.00,6.00,19.00,10.00,20.00,4.00,2.00,1.00,200.00,49.00,71.00,13.00,480.0
Flemingdon Park,44,N/A,2.50,"21,933.00","10,535.00","11,385.00","21,915.00","17,530.00","9,910.00","1,050.00","7,625.00","3,615.00","8,880.00","4,910.00","3,520.00","3,755.00","4,280.00","4,695.00","2,795.00",$932.00,"$55,824.00","$43,511.00",629.00,"3,290.00","3,477.00","7,800.00",22.83464567,21.66,748.00,8.00,123.00,5.00,14.00,19.00,5.00,3.00,0.00,0.00,188.00,83.00,68.00,19.00,835.0
Parkwoods-Donalda,45,N/A,7.50,"34,805.00","16,455.00","18,350.00","34,730.00","28,895.00","18,240.00","1,685.00","10,645.00","3,860.00","17,085.00","9,410.00","4,925.00","5,365.00","7,775.00","15,655.00","2,790.00","$1,114.00","$74,645.00","$52,550.00",859.00,"3,370.00","3,026.00","7,200.00",15.80645161,33.6,805.00,8.00,141.00,9.00,45.00,25.00,24.00,3.00,0.00,0.00,252.00,224.00,123.00,53.00,1150.0
Pleasant View,46,N/A,3.00,"15,818.00","7,600.00","8,225.00","15,805.00","13,765.00","8,125.00",810.00,"5,640.00","2,580.00","7,910.00","4,625.00","1,805.00","4,215.00","1,310.00","5,660.00","1,320.00","$1,075.00","$71,782.00","$60,065.00",547.00,"1,730.00",595.00,"3,540.00",9.923664122,22.56,0.00,4.00,47.00,4.00,32.00,13.00,7.00,2.00,0.00,0.00,99.00,61.00,60.00,4.00,270.0
Don Valley Village,47,N/A,4.10,"27,051.00","12,880.00","14,160.00","26,825.00","22,750.00","13,880.00","1,330.00","8,885.00","2,665.00","15,035.00","9,675.00","4,065.00","5,010.00","4,735.00","7,795.00","3,785.00","$1,114.00","$69,884.00","$51,247.00","3,208.00","3,430.00","1,585.00","7,040.00",14.95726496,37.87,111.00,15.00,103.00,14.00,64.00,17.00,26.00,8.00,0.00,3.00,166.00,80.00,71.00,5.00,685.0
Hillcrest Village,48,N/A,5.30,"16,934.00","7,925.00","9,005.00","16,915.00","14,800.00","7,930.00",660.00,"6,870.00","1,985.00","9,545.00","6,445.00","2,260.00","5,060.00","1,485.00","4,130.00","1,125.00",$678.00,"$81,484.00","$57,682.00","2,793.00","2,180.00",555.00,"4,350.00",18.04511278,48.46,"1,027.00",3.00,34.00,12.00,33.00,9.00,20.00,1.00,0.00,2.00,183.00,93.00,52.00,0.00,390.0
Bayview Woods-Steeles,49,N/A,4.10,"13,154.00","6,025.00","7,125.00","12,655.00","11,150.00","6,205.00",495.00,"4,940.00","1,420.00","7,470.00","5,120.00","1,810.00","2,795.00","1,930.00","4,405.00","1,070.00","$1,459.00","$88,861.00","$61,716.00","1,068.00","1,420.00",450.00,"3,080.00",24.41860465,35.61,174.00,3.00,31.00,7.00,33.00,0.00,18.00,1.00,0.00,1.00,99.00,28.00,33.00,4.00,305.0
Newtonbrook East,50,N/A,4.10,"16,097.00","7,600.00","8,500.00","15,530.00","13,955.00","8,085.00",710.00,"5,875.00","1,620.00","9,460.00","6,745.00","2,945.00","4,210.00","2,015.00","4,320.00","1,855.00","$1,203.00","$84,163.00","$54,195.00","1,644.00","2,380.00",519.00,"4,600.00",12.87128713,29.12,0.00,14.00,70.00,4.00,41.00,7.00,5.00,6.00,1.00,0.00,122.00,34.00,67.00,2.00,245.0
Willowdale East,51,N/A,5.00,"50,434.00","23,680.00","26,740.00","50,255.00","44,325.00","27,075.00","2,300.00","17,275.00","2,675.00","32,650.00","25,095.00","11,140.00","13,515.00","6,120.00","12,545.00","7,405.00","$1,453.00","$80,607.00","$55,154.00","2,784.00","6,260.00",833.00,"13,330.00",12,28.9,496.00,15.00,118.00,16.00,80.00,22.00,44.00,12.00,0.00,2.00,469.00,130.00,126.00,7.00,645.0
Bayview Village,52,N/A,5.20,"21,396.00","10,030.00","11,360.00","21,140.00","18,735.00","11,885.00",910.00,"6,845.00","1,260.00","13,740.00","9,790.00","4,320.00","4,805.00","2,565.00","6,635.00","2,520.00","$1,441.00","$92,800.00","$58,028.00","4,173.00","2,090.00",375.00,"4,250.00",13.44537815,32.12,131.00,8.00,67.00,9.00,33.00,8.00,13.00,5.00,0.00,0.00,201.00,106.00,72.00,2.00,345.0
Henry Farm,53,N/A,2.60,"15,723.00","7,685.00","8,045.00","15,715.00","13,205.00","8,605.00",890.00,"4,600.00",920.00,"9,230.00","6,370.00","3,085.00","1,450.00","2,650.00","3,680.00","2,935.00","$1,156.00","$65,901.00","$47,659.00","3,148.00","2,060.00",975.00,"4,220.00",8.695652174,20.8,232.00,5.00,58.00,11.00,12.00,8.00,9.00,1.00,0.00,0.00,200.00,161.00,38.00,5.00,390.0
O'Connor-Parkview,54,N/A,4.90,"18,675.00","9,015.00","9,660.00","18,500.00","15,395.00","9,580.00",970.00,"5,820.00","2,950.00","8,250.00","3,970.00","2,830.00","3,600.00","3,805.00","11,520.00","1,245.00",$865.00,"$73,050.00","$48,969.00",998.00,"2,000.00","2,377.00","3,910.00",9.756097561,37.63,528.00,12.00,118.00,11.00,34.00,20.00,7.00,6.00,0.00,2.00,173.00,61.00,62.00,24.00,815.0
Thorncliffe Park,55,N/A,3.10,"21,108.00","10,305.00","10,810.00","20,845.00","15,250.00","8,490.00","1,070.00","6,760.00","2,590.00","8,035.00","5,075.00","3,570.00",610.00,"6,105.00","4,345.00","3,880.00","$1,055.00","$49,530.00","$38,645.00","3,016.00","3,030.00","3,996.00","8,700.00",14.24332344,34.53,567.00,20.00,71.00,3.00,24.00,12.00,4.00,11.00,0.00,3.00,259.00,28.00,125.00,15.00,885.0
Leaside-Bennington,56,N/A,4.80,"16,828.00","8,020.00","8,810.00","16,635.00","13,360.00","9,145.00",635.00,"4,215.00","1,130.00","9,880.00","7,665.00","1,415.00","4,780.00","1,770.00","13,710.00",355.00,"$1,158.00","$158,847.00","$85,039.00","1,301.00",590.00,171.00,930.00,13.29787234,40.94,0.00,6.00,19.00,2.00,33.00,7.00,4.00,2.00,0.00,11.00,116.00,64.00,66.00,2.00,365.0
Broadview North,57,N/A,1.70,"11,499.00","5,460.00","6,040.00","11,330.00","9,885.00","6,575.00",540.00,"3,300.00","1,845.00","5,920.00","3,510.00","2,275.00","1,915.00","3,695.00","8,200.00",680.00,$940.00,"$67,940.00","$41,036.00",646.00,"1,250.00",860.00,"2,150.00",22.22222222,31.36,154.00,8.00,45.00,6.00,16.00,9.00,8.00,2.00,0.00,0.00,124.00,77.00,63.00,11.00,635.0
Old East York,58,N/A,2.30,"9,233.00","4,545.00","4,680.00","9,210.00","7,745.00","5,115.00",255.00,"2,625.00","1,255.00","4,470.00","2,435.00","1,100.00","2,670.00","1,185.00","6,750.00",320.00,$959.00,"$90,478.00","$61,174.00",341.00,630.00,354.00,"1,120.00",9.473684211,24.76,182.00,2.00,31.00,1.00,25.00,4.00,6.00,2.00,1.00,3.00,80.00,89.00,37.00,6.00,295.0
Danforth-East York,59,N/A,2.20,"17,180.00","8,245.00","8,920.00","17,080.00","14,055.00","9,420.00",650.00,"4,640.00","2,705.00","8,510.00","5,255.00","1,900.00","5,005.00","1,945.00","11,985.00",410.00,$923.00,"$83,989.00","$63,221.00","1,599.00","1,250.00",752.00,"2,340.00",11.5942029,24.56,423.00,9.00,39.00,3.00,41.00,6.00,11.00,4.00,0.00,0.00,103.00,30.00,74.00,7.00,635.0
Woodbine-Lumsden,60,N/A,1.20,"7,865.00","3,825.00","4,045.00","7,850.00","6,685.00","4,695.00",310.00,"2,000.00","1,110.00","3,920.00","2,245.00","1,100.00","2,380.00","1,095.00","5,415.00",130.00,$823.00,"$74,945.00","$56,681.00",165.00,660.00,431.00,"1,100.00",4.918032787,27.87,203.00,9.00,30.00,6.00,14.00,3.00,3.00,5.00,0.00,0.00,48.00,6.00,39.00,3.00,420.0
Taylor-Massey,61,N/A,1.10,"15,683.00","7,710.00","7,975.00","15,485.00","12,535.00","7,935.00",910.00,"4,595.00","2,145.00","7,440.00","4,535.00","2,770.00","2,260.00","4,035.00","5,125.00","2,500.00",$882.00,"$51,131.00","$37,875.00",715.00,"2,350.00","1,948.00","5,180.00",16.91542289,38.19,381.00,9.00,88.00,7.00,42.00,16.00,8.00,5.00,1.00,2.00,167.00,29.00,44.00,15.00,760.0
East End-Danforth,62,N/A,2.60,"21,381.00","10,260.00","11,115.00","21,010.00","17,290.00","12,120.00",990.00,"5,170.00","2,660.00","11,085.00","6,860.00","2,870.00","4,930.00","4,185.00","14,535.00","1,005.00",$831.00,"$90,812.00","$56,179.00","1,576.00","2,030.00","1,342.00","3,520.00",13.57466063,35.29,"1,016.00",10.00,144.00,15.00,79.00,31.00,21.00,12.00,0.00,2.00,238.00,43.00,105.00,13.00,690.0
The Beaches,63,N/A,3.60,"21,567.00","10,235.00","11,325.00","21,445.00","17,615.00","12,710.00",725.00,"4,920.00","1,445.00","12,750.00","9,235.00","2,710.00","6,240.00","3,140.00","18,465.00",395.00,"$1,154.00","$139,757.00","$70,957.00","1,868.00","1,150.00",464.00,"1,760.00",7.851239669,31.53,151.00,24.00,73.00,9.00,76.00,13.00,8.00,4.00,0.00,0.00,274.00,55.00,130.00,7.00,770.0
Woodbine Corridor,64,N/A,1.60,"12,541.00","6,055.00","6,485.00","12,435.00","10,110.00","7,270.00",560.00,"2,835.00","1,405.00","6,620.00","4,220.00","1,560.00","3,250.00","1,965.00","9,050.00",265.00,$782.00,"$90,338.00","$63,343.00",455.00,"1,060.00",613.00,"1,770.00",10.25641026,29.04,950.00,8.00,65.00,7.00,51.00,6.00,9.00,6.00,0.00,1.00,96.00,43.00,44.00,6.00,520.0
Greenwood-Coxwell,65,N/A,1.70,"14,417.00","7,010.00","7,415.00","14,380.00","11,925.00","8,245.00",595.00,"3,670.00","2,565.00","7,255.00","4,590.00","1,970.00","3,715.00","2,285.00","8,755.00",335.00,$829.00,"$76,085.00","$52,770.00",688.00,"1,610.00","1,174.00","2,920.00",5.882352941,44.29,830.00,14.00,74.00,11.00,62.00,10.00,14.00,7.00,0.00,1.00,132.00,39.00,77.00,9.00,645.0
Danforth,66,N/A,1.10,"9,666.00","4,790.00","4,875.00","9,595.00","7,945.00","5,445.00",340.00,"2,510.00","1,630.00","4,840.00","3,295.00","1,190.00","2,490.00","1,410.00","7,110.00",235.00,$828.00,"$88,629.00","$62,482.00",662.00,840.00,358.00,"1,400.00",7.142857143,32.16,356.00,20.00,59.00,9.00,40.00,14.00,5.00,3.00,1.00,0.00,107.00,32.00,60.00,3.00,340.0
Playter Estates-Danforth,67,N/A,0.90,"7,804.00","3,860.00","3,945.00","7,640.00","6,490.00","4,680.00",300.00,"1,815.00",720.00,"4,660.00","3,380.00","1,335.00","1,665.00","1,865.00","6,085.00",235.00,"$1,075.00","$112,244.00","$55,536.00",915.00,570.00,182.00,870.00,3.076923077,42.51,194.00,6.00,56.00,4.00,24.00,10.00,6.00,3.00,0.00,0.00,71.00,32.00,29.00,3.00,275.0
North Riverdale,68,N/A,1.80,"11,916.00","5,815.00","6,095.00","11,680.00","9,740.00","7,160.00",380.00,"2,575.00","1,250.00","6,845.00","5,185.00","1,305.00","2,945.00","2,200.00","8,875.00",190.00,"$1,057.00","$114,599.00","$68,164.00","1,696.00",870.00,304.00,"1,380.00",12.90322581,47.17,98.00,6.00,45.00,9.00,41.00,23.00,6.00,4.00,1.00,1.00,125.00,58.00,67.00,5.00,350.0
Blake-Jones,69,N/A,0.90,"7,727.00","3,745.00","3,980.00","7,685.00","6,280.00","4,080.00",345.00,"2,200.00","1,495.00","3,760.00","2,435.00",970.00,"1,760.00","1,480.00","4,725.00",210.00,$778.00,"$76,633.00","$51,381.00",337.00,990.00,779.00,"2,040.00",17.97752809,39.98,751.00,12.00,61.00,10.00,23.00,13.00,5.00,0.00,1.00,1.00,102.00,15.00,57.00,5.00,290.0
South Riverdale,70,N/A,9.60,"27,876.00","13,920.00","13,950.00","27,045.00","23,155.00","16,535.00","1,070.00","6,600.00","4,325.00","14,280.00","9,420.00","3,745.00","6,635.00","4,105.00","15,815.00",800.00,$859.00,"$83,795.00","$56,192.00","3,865.00","3,060.00","1,590.00","5,440.00",7.56302521,45.86,"1,479.00",44.00,189.00,25.00,145.00,31.00,28.00,20.00,3.00,2.00,384.00,175.00,176.00,14.00,930.0
Cabbagetown-South St.James Town,71,N/A,1.40,"11,669.00","6,565.00","5,105.00","10,990.00","10,200.00","7,275.00",585.00,"2,925.00",880.00,"7,370.00","5,105.00","2,500.00","2,940.00","3,690.00","7,815.00",365.00,$976.00,"$103,558.00","$50,873.00",999.00,"1,390.00",680.00,"1,880.00",13.33333333,43.71,860.00,28.00,96.00,11.00,53.00,16.00,9.00,6.00,0.00,5.00,333.00,39.00,104.00,16.00,685.0
Regent Park,72,N/A,0.60,"10,803.00","5,535.00","5,275.00","10,675.00","9,045.00","5,660.00",545.00,"3,375.00","1,465.00","4,835.00","3,085.00","1,950.00",715.00,"3,135.00","3,205.00",560.00,$631.00,"$51,758.00","$30,794.00",639.00,"2,360.00","1,572.00","5,150.00",10.84337349,42.52,"2,120.00",12.00,78.00,4.00,25.00,14.00,3.00,2.00,0.00,1.00,232.00,21.00,97.00,6.00,480.0
Moss Park,73,N/A,1.40,"20,506.00","11,645.00","8,855.00","18,460.00","17,025.00","12,325.00",845.00,"4,700.00","1,625.00","11,940.00","8,465.00","4,615.00","3,335.00","5,695.00","10,595.00",945.00,$795.00,"$87,222.00","$37,295.00","4,090.00","3,540.00","2,800.00","5,120.00",19.17808219,42.76,"3,399.00",174.00,383.00,39.00,129.00,112.00,16.00,12.00,3.00,5.00,887.00,105.00,184.00,5.00,895.0
North St.James Town,74,N/A,0.40,"18,615.00","9,880.00","8,735.00","18,355.00","16,075.00","10,845.00","1,125.00","5,225.00","1,920.00","10,230.00","6,305.00","4,195.00",615.00,"8,590.00","6,075.00","2,525.00",$879.00,"$49,005.00","$31,304.00","1,263.00","3,450.00","1,930.00","5,860.00",16.15384615,34.03,"1,704.00",28.00,105.00,12.00,52.00,19.00,16.00,9.00,0.00,2.00,232.00,25.00,97.00,15.00,920.0
Church-Yonge Corridor,75,N/A,1.40,"31,340.00","17,125.00","14,210.00","30,305.00","29,095.00","21,855.00","1,865.00","7,240.00","1,520.00","22,355.00","16,930.00","8,890.00","5,330.00","12,900.00","17,880.00","1,970.00","$1,134.00","$77,996.00","$41,813.00","11,048.00","3,860.00","2,427.00","5,160.00",11.32075472,33.5,"3,324.00",135.00,466.00,70.00,147.00,108.00,23.00,40.00,3.00,5.00,"1,103.00",155.00,180.00,14.00,1060.0
Bay Street Corridor,76,N/A,1.80,"25,797.00","12,190.00","13,595.00","25,605.00","23,940.00","15,000.00","1,535.00","8,950.00",695.00,"17,505.00","15,090.00","8,520.00","3,775.00","7,625.00","9,675.00","2,275.00","$1,467.00","$90,324.00","$44,614.00","27,819.00","10,050.00",365.00,"12,820.00",19.44444444,24.83,754.00,132.00,579.00,88.00,118.00,100.00,25.00,41.00,1.00,3.00,"1,428.00",268.00,189.00,5.00,395.0
Waterfront Communities-The Island,77,N/A,7.60,"65,913.00","33,295.00","32,635.00","65,620.00","61,995.00","51,100.00","2,640.00","10,885.00","1,630.00","51,740.00","41,735.00","16,500.00","13,350.00","13,640.00","36,715.00","4,730.00","$1,417.00","$95,004.00","$57,670.00","21,274.00","4,480.00","1,974.00","6,990.00",17.81609195,31.61,"2,644.00",140.00,712.00,68.00,213.00,63.00,40.00,56.00,0.00,5.00,"1,422.00",337.00,347.00,21.00,895.0
Kensington-Chinatown,78,N/A,1.50,"17,945.00","8,760.00","9,185.00","17,455.00","16,145.00","10,105.00",825.00,"6,045.00","3,405.00","9,095.00","6,395.00","4,190.00","2,655.00","5,975.00","6,940.00",840.00,"$1,004.00","$64,945.00","$37,571.00","8,166.00","3,690.00","1,680.00","6,070.00",25.92592593,37.57,"2,064.00",105.00,273.00,34.00,80.00,53.00,26.00,16.00,5.00,5.00,459.00,98.00,124.00,4.00,850.0
University,79,N/A,1.40,"7,607.00","3,785.00","3,815.00","6,675.00","6,165.00","4,405.00",365.00,"1,760.00",650.00,"4,460.00","3,515.00","1,580.00","1,335.00","1,960.00","4,470.00",315.00,"$1,246.00","$92,815.00","$45,538.00","2,439.00","1,180.00",243.00,"1,530.00",20,42.62,326.00,35.00,111.00,20.00,47.00,21.00,13.00,5.00,0.00,1.00,232.00,46.00,61.00,2.00,295.0
Palmerston-Little Italy,80,N/A,1.40,"13,826.00","6,680.00","7,155.00","13,760.00","12,500.00","9,275.00",630.00,"3,220.00","1,975.00","8,280.00","6,210.00","2,380.00","2,650.00","3,590.00","10,810.00",325.00,"$1,181.00","$94,190.00","$52,309.00","1,443.00","1,280.00",417.00,"1,810.00",10.98901099,45.81,169.00,9.00,67.00,13.00,39.00,27.00,12.00,6.00,0.00,0.00,144.00,60.00,86.00,2.00,685.0
Trinity-Bellwoods,81,N/A,1.70,"16,556.00","8,185.00","8,370.00","16,230.00","14,490.00","10,055.00",610.00,"4,440.00","4,200.00","8,090.00","5,745.00","2,485.00","3,905.00","2,940.00","11,410.00",460.00,"$1,130.00","$77,477.00","$51,502.00","1,951.00","1,990.00",708.00,"3,220.00",10,35.45,250.00,54.00,133.00,10.00,49.00,20.00,25.00,2.00,1.00,2.00,223.00,94.00,110.00,1.00,520.0
Niagara,82,N/A,3.10,"31,180.00","15,410.00","15,765.00","30,440.00","28,390.00","24,595.00","1,110.00","3,795.00","1,165.00","23,305.00","17,025.00","7,210.00","7,795.00","4,840.00","19,765.00","1,405.00","$1,296.00","$88,996.00","$59,929.00","4,758.00","1,730.00",905.00,"2,580.00",13.58024691,34.94,939.00,55.00,206.00,27.00,68.00,16.00,22.00,18.00,1.00,1.00,480.00,131.00,119.00,14.00,375.0
Dufferin Grove,83,N/A,1.40,"11,785.00","5,820.00","5,955.00","11,710.00","10,430.00","7,555.00",565.00,"2,870.00","2,005.00","6,150.00","3,965.00","2,165.00","2,005.00","3,100.00","8,080.00",480.00,"$1,021.00","$66,895.00","$44,145.00","1,685.00","1,310.00",919.00,"2,140.00",18.51851852,40.07,166.00,20.00,84.00,7.00,27.00,15.00,8.00,3.00,1.00,1.00,121.00,31.00,62.00,6.00,500.0
Little Portugal,84,N/A,1.20,"15,559.00","7,640.00","7,920.00","15,055.00","13,650.00","10,650.00",685.00,"3,005.00","3,040.00","8,490.00","5,840.00","3,130.00","2,475.00","2,825.00","10,790.00",500.00,$997.00,"$74,372.00","$52,519.00","1,127.00","1,300.00",631.00,"2,030.00",10.86956522,37.58,529.00,18.00,96.00,12.00,39.00,8.00,13.00,3.00,1.00,2.00,201.00,57.00,86.00,7.00,480.0
South Parkdale,85,N/A,2.30,"21,849.00","10,950.00","10,895.00","20,655.00","18,590.00","13,135.00","1,125.00","5,455.00","3,435.00","11,020.00","5,900.00","5,600.00","1,105.00","9,485.00","10,730.00","1,695.00",$865.00,"$54,454.00","$32,539.00","1,520.00","3,640.00","2,747.00","5,660.00",17.5257732,26.84,"1,600.00",30.00,204.00,10.00,67.00,33.00,22.00,9.00,1.00,1.00,431.00,199.00,132.00,30.00,1245.0
Roncesvalles,86,N/A,1.50,"14,974.00","7,445.00","7,535.00","14,870.00","12,575.00","9,020.00",600.00,"3,550.00","2,310.00","8,060.00","5,490.00","2,595.00","3,155.00","3,660.00","11,080.00",510.00,$939.00,"$86,526.00","$46,883.00","1,301.00","1,680.00","1,371.00","2,640.00",6.040268456,44.85,511.00,28.00,95.00,11.00,38.00,25.00,12.00,3.00,0.00,5.00,247.00,40.00,88.00,4.00,830.0
High Park-Swansea,87,N/A,5.30,"23,925.00","11,170.00","12,765.00","23,355.00","19,815.00","14,525.00",865.00,"5,290.00","1,540.00","14,845.00","10,665.00","3,260.00","5,975.00","3,875.00","18,885.00",505.00,"$1,053.00","$116,465.00","$62,128.00","2,658.00","1,350.00",672.00,"2,290.00",5.911330049,46.53,300.00,20.00,85.00,11.00,32.00,20.00,11.00,5.00,0.00,3.00,262.00,85.00,121.00,7.00,725.0
High Park North,88,N/A,1.90,"22,162.00","10,410.00","11,745.00","21,815.00","18,985.00","13,715.00",970.00,"5,265.00","1,600.00","14,210.00","10,125.00","4,045.00","3,605.00","7,000.00","16,640.00","1,240.00","$1,134.00","$89,737.00","$52,827.00",892.00,"1,810.00",743.00,"2,940.00",7.103825137,40.24,788.00,8.00,74.00,12.00,27.00,20.00,8.00,1.00,0.00,0.00,161.00,33.00,87.00,6.00,795.0
Runnymede-Bloor West Village,89,N/A,1.60,"10,070.00","4,785.00","5,280.00","10,070.00","8,020.00","5,825.00",295.00,"2,200.00",930.00,"5,665.00","4,165.00",805.00,"2,945.00",865.00,"8,465.00",170.00,"$1,083.00","$114,798.00","$74,729.00",924.00,410.00,141.00,720.00,4.385964912,45.64,4.00,7.00,30.00,2.00,22.00,11.00,9.00,1.00,0.00,0.00,55.00,11.00,36.00,1.00,240.0
Junction Area,90,N/A,2.60,"14,366.00","7,020.00","7,350.00","14,085.00","12,000.00","8,890.00",500.00,"3,110.00","1,905.00","7,790.00","5,110.00","1,960.00","3,395.00","2,355.00","9,925.00",345.00,"$1,025.00","$78,000.00","$53,804.00","2,420.00","1,350.00",673.00,"2,190.00",7.627118644,44.09,84.00,14.00,95.00,10.00,31.00,13.00,22.00,3.00,0.00,2.00,181.00,57.00,88.00,5.00,320.0
Weston-Pellam Park,91,N/A,1.50,"11,098.00","5,585.00","5,520.00","11,085.00","9,420.00","5,965.00",505.00,"3,455.00","3,725.00","3,730.00","1,610.00","1,300.00","2,590.00","1,810.00","6,885.00",370.00,$719.00,"$66,933.00","$48,206.00",457.00,"1,530.00","1,221.00","2,810.00",20.49180328,52.57,734.00,29.00,67.00,7.00,15.00,11.00,17.00,7.00,1.00,2.00,132.00,27.00,73.00,8.00,395.0
Corso Italia-Davenport,92,N/A,1.90,"14,133.00","6,965.00","7,170.00","14,100.00","12,200.00","8,310.00",600.00,"3,890.00","3,595.00","5,925.00","3,285.00","1,765.00","3,265.00","1,835.00","10,570.00",560.00,$945.00,"$74,367.00","$56,345.00",584.00,"1,210.00",671.00,"2,120.00",14.7826087,37.94,59.00,19.00,57.00,8.00,15.00,25.00,7.00,2.00,0.00,1.00,102.00,49.00,61.00,1.00,400.0
Dovercourt-Wallace Emerson-Juncti,93,N/A,3.70,"36,625.00","18,075.00","18,560.00","36,210.00","31,755.00","22,330.00","1,610.00","9,420.00","8,205.00","17,325.00","10,775.00","5,690.00","7,460.00","6,485.00","23,935.00","1,330.00",$963.00,"$70,893.00","$50,741.00","1,748.00","3,860.00","2,623.00","6,400.00",19.29824561,35.06,"1,132.00",20.00,196.00,20.00,78.00,35.00,27.00,12.00,0.00,2.00,373.00,141.00,205.00,10.00,1245.0
Wychwood,94,N/A,1.70,"14,349.00","6,640.00","7,705.00","13,250.00","11,385.00","7,875.00",410.00,"3,510.00","1,970.00","7,230.00","4,775.00","2,095.00","2,700.00","2,830.00","9,605.00",315.00,$930.00,"$90,496.00","$50,261.00",770.00,"1,220.00",623.00,"1,940.00",7,40.49,"1,229.00",17.00,69.00,9.00,28.00,9.00,18.00,3.00,0.00,1.00,181.00,49.00,78.00,7.00,470.0
Annex,95,N/A,2.80,"30,526.00","14,365.00","16,160.00","28,640.00","26,295.00","18,560.00","1,250.00","7,740.00","1,685.00","20,430.00","16,590.00","6,445.00","5,770.00","9,780.00","21,380.00",975.00,"$1,237.00","$141,111.00","$49,912.00","6,951.00","3,110.00",797.00,"4,260.00",5.050505051,38.85,"1,436.00",43.00,206.00,29.00,123.00,29.00,18.00,20.00,0.00,3.00,770.00,135.00,243.00,7.00,1200.0
Casa Loma,96,N/A,1.90,"10,968.00","5,090.00","5,880.00","10,885.00","9,640.00","6,475.00",425.00,"3,160.00",525.00,"7,460.00","5,920.00","1,980.00","2,225.00","3,095.00","9,025.00",285.00,"$1,494.00","$188,924.00","$65,574.00","1,319.00",630.00,133.00,950.00,8.695652174,32.33,97.00,21.00,27.00,4.00,19.00,1.00,5.00,6.00,0.00,0.00,208.00,52.00,75.00,6.00,385.0
Yonge-St.Clair,97,N/A,1.20,"12,528.00","5,615.00","6,905.00","12,300.00","11,105.00","7,710.00",455.00,"3,395.00",340.00,"8,820.00","6,775.00","2,535.00","2,625.00","4,160.00","9,740.00",670.00,"$1,314.00","$173,751.00","$58,838.00","1,221.00",680.00,170.00,980.00,8.333333333,32.65,0.00,13.00,28.00,4.00,13.00,5.00,7.00,8.00,0.00,0.00,191.00,28.00,56.00,5.00,565.0
Rosedale-Moore Park,98,N/A,4.60,"20,923.00","9,655.00","11,265.00","20,610.00","18,005.00","11,510.00",695.00,"6,490.00","1,070.00","14,090.00","11,425.00","3,075.00","5,740.00","4,260.00","16,880.00",750.00,"$1,468.00","$249,884.00","$72,915.00","2,435.00","1,120.00",224.00,"1,650.00",9.836065574,32.2,520.00,26.00,78.00,9.00,57.00,13.00,14.00,6.00,0.00,0.00,353.00,45.00,131.00,6.00,550.0
Mount Pleasant East,99,N/A,3.10,"16,775.00","7,790.00","8,990.00","16,760.00","13,780.00","9,720.00",670.00,"4,055.00","1,015.00","10,475.00","7,970.00","2,185.00","4,400.00","2,970.00","12,930.00",635.00,"$1,097.00","$133,977.00","$71,154.00","1,690.00",760.00,228.00,"1,210.00",10.22727273,50.4,291.00,6.00,20.00,5.00,16.00,3.00,8.00,2.00,0.00,0.00,136.00,43.00,73.00,3.00,410.0
Yonge-Eglinton,100,N/A,1.60,"11,817.00","5,520.00","6,295.00","11,805.00","9,995.00","7,320.00",505.00,"2,680.00",490.00,"7,990.00","6,255.00","1,925.00","2,050.00","3,155.00","8,650.00",600.00,"$1,246.00","$140,907.00","$63,267.00","2,555.00",770.00,167.00,"1,100.00",2.325581395,31.95,0.00,35.00,54.00,15.00,19.00,15.00,4.00,2.00,0.00,0.00,210.00,58.00,77.00,1.00,325.0
Forest Hill South,101,N/A,2.50,"10,732.00","4,890.00","5,845.00","10,600.00","9,280.00","6,105.00",340.00,"3,175.00",720.00,"6,990.00","5,575.00","1,650.00","2,635.00","2,160.00","8,820.00",465.00,"$1,206.00","$251,035.00","$67,446.00",874.00,550.00,113.00,860.00,13.04347826,18.49,174.00,12.00,9.00,2.00,28.00,1.00,9.00,5.00,0.00,0.00,209.00,6.00,79.00,5.00,320.0
Forest Hill North,102,N/A,1.60,"12,806.00","5,780.00","7,030.00","12,670.00","10,610.00","7,520.00",560.00,"3,085.00",995.00,"7,545.00","5,320.00","1,945.00","1,850.00","3,485.00","9,100.00","1,140.00","$1,132.00","$137,887.00","$53,978.00",290.00,"1,020.00",410.00,"1,770.00",11.11111111,29.11,311.00,2.00,22.00,2.00,18.00,5.00,6.00,2.00,0.00,1.00,126.00,35.00,77.00,1.00,365.0
Lawrence Park South,103,N/A,3.20,"15,179.00","7,190.00","7,995.00","15,110.00","12,270.00","8,365.00",625.00,"3,895.00",905.00,"9,510.00","7,880.00","1,315.00","4,010.00","1,665.00","12,560.00",475.00,"$1,230.00","$216,754.00","$105,043.00",510.00,580.00,132.00,930.00,6.153846154,37.53,113.00,6.00,19.00,0.00,45.00,2.00,20.00,1.00,0.00,0.00,222.00,35.00,87.00,2.00,390.0
Mount Pleasant West,104,N/A,1.30,"29,658.00","13,345.00","16,320.00","28,920.00","26,560.00","19,780.00","1,330.00","6,765.00","1,725.00","20,575.00","14,915.00","7,290.00","4,555.00","13,020.00","19,200.00","2,580.00","$1,148.00","$89,797.00","$48,066.00","4,505.00","3,220.00",937.00,"4,740.00",10.15625,41.6,"1,383.00",10.00,91.00,8.00,38.00,5.00,4.00,6.00,1.00,0.00,301.00,31.00,106.00,14.00,830.0
Lawrence Park North,105,N/A,2.30,"14,607.00","7,055.00","7,550.00","14,560.00","11,280.00","7,945.00",505.00,"3,335.00",765.00,"8,660.00","7,000.00","1,215.00","4,240.00","1,260.00","11,455.00",345.00,"$1,290.00","$165,131.00","$103,660.00","1,342.00",590.00,85.00,980.00,7.567567568,52.03,113.00,1.00,21.00,3.00,28.00,4.00,13.00,3.00,0.00,0.00,117.00,34.00,80.00,1.00,295.0
Humewood-Cedarvale,106,N/A,1.90,"14,365.00","6,615.00","7,745.00","14,225.00","12,065.00","8,890.00",630.00,"3,175.00","1,285.00","8,720.00","6,060.00","2,340.00","2,370.00","4,205.00","10,125.00",775.00,$974.00,"$105,770.00","$49,252.00",471.00,"1,190.00",445.00,"1,820.00",12.24489796,32.85,480.00,4.00,47.00,4.00,26.00,7.00,17.00,5.00,0.00,0.00,106.00,29.00,79.00,14.00,630.0
Oakwood Village,107,N/A,2.20,"21,210.00","10,090.00","11,120.00","20,960.00","17,845.00","11,725.00",800.00,"6,120.00","4,555.00","9,205.00","5,080.00","3,190.00","4,570.00","3,985.00","11,910.00","1,455.00",$877.00,"$67,809.00","$46,349.00",500.00,"2,280.00","1,504.00","3,930.00",15.05376344,41.07,825.00,30.00,110.00,8.00,22.00,18.00,24.00,1.00,0.00,1.00,122.00,14.00,90.00,10.00,895.0
Briar Hill-Belgravia,108,N/A,1.80,"14,257.00","6,625.00","7,630.00","14,205.00","12,360.00","8,350.00",725.00,"4,005.00","2,690.00","6,730.00","3,405.00","1,960.00","2,870.00","2,940.00","7,710.00","1,425.00",$976.00,"$67,358.00","$48,395.00",637.00,"1,670.00",856.00,"2,870.00",11.30434783,34.23,316.00,20.00,53.00,4.00,31.00,15.00,16.00,6.00,0.00,0.00,103.00,49.00,87.00,10.00,435.0
Caledonia-Fairbank,109,N/A,1.50,"9,955.00","4,920.00","5,030.00","9,905.00","8,420.00","5,550.00",400.00,"2,875.00","3,045.00","3,320.00","1,160.00","1,100.00","2,425.00","1,090.00","6,320.00",685.00,$941.00,"$66,257.00","$51,225.00",123.00,930.00,569.00,"1,720.00",11.71171171,53.48,7.00,15.00,60.00,7.00,13.00,18.00,13.00,1.00,0.00,0.00,43.00,22.00,36.00,7.00,285.0
Keelesdale-Eglinton West,110,N/A,1.70,"11,058.00","5,350.00","5,710.00","11,045.00","9,425.00","5,645.00",485.00,"3,780.00","3,425.00","3,115.00","1,105.00","1,510.00","2,510.00","1,470.00","6,350.00",700.00,$796.00,"$64,857.00","$45,058.00",424.00,"1,080.00",989.00,"1,970.00",19.62616822,34.48,351.00,9.00,49.00,5.00,14.00,23.00,17.00,0.00,0.00,0.00,122.00,45.00,76.00,12.00,285.0
Rockcliffe-Smythe,111,N/A,5.10,"22,246.00","10,750.00","11,495.00","22,235.00","18,740.00","11,215.00","1,030.00","7,525.00","5,715.00","7,580.00","2,700.00","3,185.00","5,250.00","3,650.00","12,000.00","1,040.00",$810.00,"$64,271.00","$46,154.00",699.00,"2,640.00","2,451.00","5,160.00",15.85365854,31.87,"1,092.00",37.00,123.00,11.00,37.00,46.00,36.00,3.00,0.00,3.00,239.00,59.00,123.00,16.00,905.0
Beechborough-Greenbrook,112,N/A,1.80,"6,577.00","3,100.00","3,475.00","6,370.00","5,250.00","3,125.00",355.00,"2,135.00","1,630.00","2,135.00",610.00,945.00,905.00,"1,765.00","2,610.00",360.00,$749.00,"$58,706.00","$37,540.00",962.00,950.00,"1,078.00","1,920.00",19.11764706,25.57,824.00,21.00,50.00,14.00,12.00,10.00,7.00,3.00,0.00,0.00,64.00,27.00,26.00,9.00,235.0
Weston,113,N/A,2.60,"17,992.00","8,545.00","9,455.00","17,685.00","14,605.00","9,075.00",965.00,"5,530.00","3,995.00","6,800.00","2,395.00","3,250.00","3,090.00","4,815.00","6,925.00","1,465.00",$874.00,"$61,470.00","$41,356.00","1,986.00","2,650.00","3,724.00","5,050.00",15.09433962,41.45,"1,036.00",56.00,169.00,11.00,43.00,35.00,39.00,2.00,4.00,4.00,347.00,63.00,163.00,45.00,730.0
Lambton Baby Point,114,N/A,1.70,"7,985.00","3,750.00","4,235.00","7,985.00","6,290.00","4,200.00",320.00,"2,080.00",945.00,"4,210.00","2,950.00",725.00,"1,920.00","1,240.00","6,030.00",245.00,$814.00,"$122,277.00","$58,158.00",102.00,690.00,728.00,"1,390.00",14.1509434,27.28,668.00,5.00,21.00,2.00,8.00,2.00,1.00,1.00,0.00,0.00,80.00,11.00,48.00,10.00,310.0
Mount Dennis,115,N/A,2.10,"13,593.00","6,425.00","7,160.00","13,260.00","10,865.00","6,905.00",745.00,"3,970.00","2,855.00","4,665.00","1,650.00","2,125.00","2,470.00","2,410.00","4,255.00",905.00,$896.00,"$57,386.00","$43,790.00",620.00,"1,930.00","2,193.00","3,770.00",21.15384615,29.91,"1,145.00",20.00,83.00,7.00,30.00,24.00,14.00,0.00,0.00,6.00,174.00,55.00,57.00,14.00,575.0
Steeles,116,N/A,4.60,"24,623.00","11,730.00","12,890.00","24,265.00","21,125.00","11,035.00","1,045.00","10,085.00","4,545.00","9,920.00","5,810.00","2,915.00","6,585.00","1,095.00","2,200.00","1,810.00","$1,155.00","$67,732.00","$55,755.00","1,074.00","3,520.00","1,231.00","7,570.00",10.57268722,11.36,0.00,7.00,36.00,2.00,48.00,13.00,28.00,3.00,0.00,0.00,107.00,47.00,28.00,7.00,330.0
L'Amoreaux,117,N/A,7.10,"43,993.00","20,600.00","23,375.00","43,500.00","37,385.00","21,145.00","2,300.00","16,235.00","8,430.00","18,765.00","9,780.00","5,700.00","10,125.00","4,790.00","9,945.00","3,965.00",$919.00,"$64,493.00","$49,769.00","2,015.00","5,840.00","3,077.00","12,450.00",12.06896552,30.73,"1,776.00",15.00,136.00,8.00,48.00,31.00,28.00,5.00,2.00,3.00,303.00,79.00,118.00,16.00,1195.0
Tam O'Shanter-Sullivan,118,N/A,5.50,"27,446.00","12,755.00","14,690.00","27,030.00","23,150.00","12,910.00","1,175.00","10,225.00","4,165.00","12,325.00","6,895.00","3,820.00","5,700.00","4,110.00","6,705.00","2,435.00",$964.00,"$64,630.00","$46,095.00","1,751.00","3,100.00","1,654.00","6,570.00",12.93103448,41.37,607.00,7.00,91.00,5.00,60.00,12.00,23.00,7.00,0.00,1.00,232.00,112.00,75.00,13.00,535.0
Wexford/Maryvale,119,N/A,10.20,"27,917.00","13,575.00","14,340.00","27,545.00","23,335.00","14,340.00","1,285.00","8,995.00","4,790.00","11,710.00","5,305.00","3,325.00","6,320.00","3,655.00","12,270.00","1,970.00",$904.00,"$69,418.00","$53,752.00","4,882.00","2,670.00","2,485.00","5,500.00",12.04819277,42.08,736.00,10.00,152.00,10.00,74.00,21.00,40.00,11.00,2.00,1.00,288.00,245.00,125.00,12.00,750.0
Clairlea-Birchmount,120,N/A,7.40,"26,984.00","13,135.00","13,865.00","26,295.00","21,740.00","14,195.00","1,240.00","7,545.00","3,795.00","11,360.00","5,755.00","3,175.00","5,770.00","2,980.00","10,185.00","1,820.00",$890.00,"$69,549.00","$53,716.00","4,157.00","2,680.00","2,377.00","5,650.00",10.90225564,30.8,422.00,46.00,215.00,11.00,88.00,30.00,48.00,16.00,1.00,3.00,248.00,106.00,87.00,11.00,615.0
Oakridge,121,N/A,1.80,"13,845.00","6,740.00","7,110.00","13,610.00","10,750.00","6,150.00",900.00,"4,605.00","2,330.00","5,470.00","2,950.00","2,290.00","1,600.00","3,630.00","3,365.00","1,760.00",$730.00,"$50,793.00","$32,079.00",535.00,"2,570.00","2,552.00","5,890.00",11.9760479,35.43,"1,486.00",23.00,113.00,12.00,57.00,25.00,11.00,10.00,0.00,1.00,218.00,34.00,83.00,14.00,670.0
Birchcliffe-Cliffside,122,N/A,6.00,"22,291.00","10,730.00","11,565.00","21,695.00","18,350.00","12,000.00","1,055.00","6,355.00","3,120.00","10,170.00","5,170.00","2,720.00","6,170.00","3,015.00","15,940.00",485.00,$849.00,"$90,256.00","$57,017.00","1,387.00","1,790.00","1,313.00","3,050.00",13.5678392,32.74,370.00,22.00,163.00,8.00,76.00,19.00,16.00,6.00,0.00,0.00,228.00,46.00,85.00,15.00,825.0
Cliffcrest,123,N/A,7.10,"15,935.00","7,740.00","8,195.00","15,805.00","13,255.00","8,200.00",795.00,"5,045.00","2,380.00","7,160.00","3,640.00","1,720.00","4,070.00","1,755.00","9,235.00",600.00,$839.00,"$83,694.00","$60,384.00",491.00,"1,290.00","1,074.00","2,660.00",18.24817518,25.55,510.00,18.00,89.00,9.00,57.00,18.00,10.00,3.00,0.00,0.00,121.00,33.00,74.00,14.00,435.0
Kennedy Park,124,N/A,3.60,"17,123.00","8,325.00","8,805.00","17,100.00","14,320.00","8,510.00",775.00,"5,810.00","3,100.00","6,925.00","3,025.00","2,330.00","3,670.00","2,870.00","5,215.00","1,170.00",$742.00,"$58,513.00","$41,776.00",532.00,"2,450.00","2,141.00","4,810.00",7.843137255,34.96,"1,360.00",18.00,183.00,11.00,45.00,27.00,11.00,4.00,0.00,1.00,206.00,60.00,86.00,10.00,645.0
Ionview,125,N/A,2.00,"13,641.00","6,470.00","7,165.00","13,610.00","11,295.00","6,905.00",610.00,"4,380.00","2,430.00","5,655.00","2,600.00","1,725.00","1,985.00","3,085.00","3,660.00","1,510.00",$863.00,"$57,069.00","$42,971.00",270.00,"1,690.00","1,497.00","3,350.00",8.724832215,47.14,348.00,13.00,82.00,10.00,17.00,8.00,5.00,4.00,0.00,0.00,60.00,14.00,33.00,19.00,470.0
Dorset Park,126,N/A,6.00,"25,003.00","11,715.00","13,285.00","24,380.00","20,125.00","12,735.00","1,230.00","7,415.00","4,045.00","10,175.00","4,945.00","3,345.00","5,290.00","3,235.00","5,440.00","1,960.00",$921.00,"$60,973.00","$47,630.00","2,656.00","3,010.00","2,366.00","6,590.00",16.81034483,32.27,468.00,28.00,154.00,10.00,69.00,41.00,45.00,13.00,0.00,0.00,215.00,123.00,85.00,12.00,605.0
Bendale,127,N/A,7.40,"29,960.00","14,405.00","15,560.00","29,100.00","24,620.00","14,270.00","1,255.00","10,335.00","4,455.00","12,265.00","6,295.00","4,115.00","6,720.00","3,275.00","8,020.00","1,970.00",$977.00,"$65,560.00","$51,254.00","6,990.00","3,170.00","2,251.00","6,870.00",16.58986175,29.12,504.00,30.00,195.00,30.00,56.00,55.00,46.00,12.00,3.00,2.00,305.00,185.00,113.00,22.00,545.0
Agincourt South-Malvern West,128,N/A,7.90,"23,757.00","11,605.00","12,155.00","23,470.00","20,400.00","12,045.00","1,185.00","8,345.00","4,065.00","10,285.00","5,765.00","3,120.00","5,250.00","1,635.00","3,320.00","1,735.00",$971.00,"$68,465.00","$53,886.00","3,851.00","3,110.00","1,190.00","6,400.00",17.82178218,35.26,250.00,9.00,106.00,9.00,61.00,18.00,26.00,11.00,0.00,0.00,168.00,158.00,70.00,18.00,460.0
Agincourt North,129,N/A,7.30,"29,113.00","13,910.00","15,200.00","28,825.00","25,005.00","13,865.00","1,360.00","11,130.00","5,965.00","10,985.00","5,805.00","3,155.00","7,335.00","1,810.00","2,465.00","2,165.00",$976.00,"$67,622.00","$55,893.00","1,465.00","3,980.00","1,366.00","8,250.00",12.33480176,38.09,247.00,10.00,63.00,8.00,49.00,12.00,16.00,4.00,0.00,0.00,128.00,79.00,58.00,8.00,365.0
Milliken,130,N/A,9.40,"26,572.00","12,850.00","13,720.00","26,060.00","22,375.00","12,195.00","1,160.00","10,185.00","5,675.00","8,940.00","4,635.00","3,010.00","6,785.00","1,000.00",900.00,"2,190.00",$934.00,"$66,372.00","$55,464.00","4,296.00","3,960.00","1,799.00","8,330.00",11.41732283,25.25,156.00,12.00,62.00,0.00,67.00,25.00,34.00,11.00,0.00,2.00,160.00,101.00,46.00,3.00,250.0
Rouge,131,N/A,37.60,"46,496.00","22,475.00","24,020.00","46,060.00","38,110.00","24,645.00","2,010.00","13,485.00","5,675.00","19,795.00","9,195.00","3,910.00","11,260.00","1,805.00","8,750.00","1,595.00","$1,082.00","$86,997.00","$72,784.00","3,356.00","3,760.00","2,104.00","7,770.00",13.43873518,21.95,332.00,20.00,124.00,12.00,76.00,29.00,19.00,12.00,0.00,4.00,230.00,197.00,137.00,30.00,445.0
Malvern,132,N/A,8.90,"43,794.00","21,015.00","22,780.00","43,765.00","35,880.00","22,260.00","2,335.00","13,610.00","7,380.00","16,960.00","7,230.00","4,790.00","9,510.00","3,900.00","4,580.00","2,745.00",$958.00,"$64,497.00","$53,425.00","1,745.00","5,170.00","3,961.00","11,490.00",11.06290672,38.63,"1,014.00",14.00,228.00,16.00,65.00,54.00,36.00,7.00,4.00,1.00,232.00,175.00,145.00,36.00,905.0
Centennial Scarborough,133,N/A,5.40,"13,362.00","6,490.00","6,875.00","13,340.00","11,190.00","7,185.00",545.00,"4,010.00","1,135.00","7,075.00","4,055.00",765.00,"3,965.00",305.00,"7,525.00",210.00,"$1,128.00","$102,278.00","$86,816.00",331.00,690.00,313.00,"1,330.00",10.37735849,9.35,126.00,1.00,38.00,0.00,18.00,11.00,5.00,1.00,0.00,0.00,67.00,60.00,35.00,3.00,175.0
Highland Creek,134,N/A,5.10,"12,494.00","6,200.00","6,300.00","12,465.00","10,925.00","6,655.00",565.00,"4,270.00","1,295.00","6,105.00","3,055.00",900.00,"3,360.00",445.00,"3,185.00",325.00,$909.00,"$98,857.00","$87,321.00",540.00,"1,110.00",549.00,"2,120.00",14.81481481,0.63,0.00,6.00,50.00,12.00,34.00,7.00,8.00,1.00,0.00,0.00,83.00,60.00,28.00,4.00,150.0
Morningside,135,N/A,5.60,"17,455.00","8,465.00","9,005.00","17,150.00","14,280.00","8,760.00",995.00,"5,510.00","2,405.00","7,480.00","3,220.00","2,090.00","3,560.00","2,300.00","4,290.00","1,215.00",$857.00,"$66,024.00","$50,069.00","1,467.00","2,140.00","1,928.00","4,580.00",11.35135135,6.67,523.00,14.00,136.00,8.00,19.00,12.00,13.00,0.00,0.00,2.00,215.00,84.00,89.00,19.00,550.0
West Hill,136,N/A,9.60,"27,392.00","13,070.00","14,320.00","26,960.00","22,395.00","13,100.00","1,515.00","9,300.00","4,285.00","10,965.00","4,330.00","3,230.00","5,875.00","3,820.00","9,885.00","1,455.00",$686.00,"$65,871.00","$46,803.00","1,441.00","3,710.00","4,561.00","7,640.00",19.36619718,28.06,"2,052.00",54.00,325.00,18.00,72.00,56.00,14.00,7.00,0.00,5.00,444.00,71.00,158.00,18.00,1155.0
Woburn,137,N/A,12.20,"53,485.00","25,955.00","27,520.00","53,005.00","43,400.00","25,180.00","2,665.00","18,215.00","9,140.00","21,370.00","10,860.00","6,605.00","9,905.00","8,475.00","12,495.00","4,925.00",$840.00,"$63,186.00","$47,908.00","5,041.00","6,860.00","5,576.00","15,430.00",15.18987342,27.73,"2,594.00",39.00,293.00,32.00,78.00,58.00,31.00,16.00,1.00,5.00,581.00,212.00,208.00,36.00,1470.0
Eglinton East,138,N/A,3.20,"22,776.00","10,650.00","12,130.00","22,265.00","18,065.00","10,690.00","1,155.00","7,385.00","3,975.00","8,510.00","3,650.00","2,830.00","3,585.00","4,475.00","4,880.00","2,315.00",$874.00,"$57,357.00","$42,790.00",986.00,"2,930.00","3,020.00","6,290.00",20.30651341,34.79,885.00,26.00,165.00,13.00,62.00,32.00,22.00,6.00,0.00,1.00,184.00,59.00,94.00,22.00,885.0
Scarborough Village,139,N/A,3.10,"16,724.00","7,965.00","8,765.00","16,430.00","13,075.00","7,540.00",980.00,"5,535.00","2,830.00","6,325.00","2,935.00","2,460.00","2,715.00","3,195.00","4,370.00","1,625.00",$833.00,"$61,631.00","$40,181.00",714.00,"2,400.00","2,889.00","5,500.00",19.5,35.48,788.00,28.00,149.00,13.00,34.00,22.00,9.00,2.00,6.00,1.00,248.00,41.00,75.00,30.00,760.0
Guildwood,140,N/A,3.80,"9,917.00","4,625.00","5,290.00","9,650.00","8,360.00","4,975.00",395.00,"3,390.00","1,050.00","5,060.00","2,715.00",960.00,"3,095.00",860.00,"6,785.00",145.00,"$1,081.00","$92,858.00","$67,678.00",364.00,440.00,298.00,790.00,10.71428571,15.57,48.00,4.00,36.00,8.00,17.00,8.00,4.00,1.00,0.00,0.00,67.00,17.00,44.00,3.00,145.0